Имя-детектор,Вводимое имя
александр,александр
александра,александра
алексей,алексей
алена,алена
алёна,алёна
алиса,алиса
алеся,алеся
елизавета,елизавета
анатолий,анатолий
ангелина,ангелина
матвей,матвей
matvey,матвей
matthew,матвей
анна,анна
алла,алла
антон,антон
эмма,эмма
таня,татьяна
emma,эмма
liudmila,людмила
анжела,анжела
алишер,алишер
alisher,алишер
арина,арина
артемий,артемий
артём,артём
владлен,владлен
владлена,владлена
скрудж,скрудж
марта,марта
ильнара,ильнара
элизабетта,элизабетта
антонина,антонина
руслана,руслана
нина,нина
ева,ева
грета,грета
майя,майя
лев,лев
земфира,земфира
ибрагим,ибрагим
глеб,глеб
богдан,богдан
гульнара,гульнара
сулейман,сулейман
марго,марго
марья,марья
илларион,илларион
ростислав,ростислав
арсений,арсений
элеонора,элеонора
наиль,наиль
всеволод,всеволод
ильнар,ильнар
яков,яков
жанетта,жанетта
леха,алексей
лёха,алексей
tatiana,татьяна
настя,анастасия
оля,ольга
элвис,элвис
альберт,альберт
виолетта,виолетта
alexander,александр
alexandra,александра
maria,мария
венера,венера
лиза,елизавета
ильдар,ильдар
сергей,сергей
сережа,сергей
серёжа,сергей
серега,сергей
серёга,сергей
света,светлана
светочка,светлана
динара,динара
тихон,тихон
альбина,альбина
элла,элла
ренат,ренат
варвара,варвара
варя,варвара
гульназ,гульназ
сюзанна,сюзанна
пётр,пётр
филипп,филипп
джульетта,джульетта
ромео,ромео
мадина,мадина
зоя,зоя
аркадий,аркадий
степан,степан
семен,семен
захар,захар
милена,милена
нелли,нелли
елисей,елисей
рамиль,рамиль
тигран,тигран
эльза,эльза
магомед,магомед
кира,кира
клара,клара
лиана,лиана
арнольд,арнольд
влад,влад
семён,семён
заур,заур
борис,борис
валентин,валентин
валентина,валентина
валерий,валерий
валерия,валерия
василий,василий
вася,василий
василиса,василиса
вероника,вероника
виктор,виктор
виктория,виктория
вика,виктория
владимир,владимир
вадим,вадим
зинаида,зинаида
эльвира,эльвира
владислав,владислав
владислава,владислава
вячеслав,вячеслав
галина,галина
галя,галина
геннадий,геннадий
гена,геннадий
георгий,георгий
гоша,георгий
станислав,станислав
карина,карина
даниил,даниил
даня,даниил
дарья,дарья
денис,денис
дмитрий,дмитрий
дима,дмитрий
евгений,евгений
евгения,евгения
екатерина,екатерина
елена,елена
лена,елена
рита,рита
иван,иван
ваня,иван
жанна,жанна
игорь,игорь
давид,давид
артур,артур
раиса,раиса
иосиф,иосиф
рустем,рустем
ирина,ирина
ира,ирина
кирилл,кирилл
константин,константин
костя,константин
ксения,ксения
ксюша,ксения
лариса,лариса
леонид,леонид
айдар,айдар
снежана,снежана
лидия,лидия
лида,лидия
любовь,любовь
максим,максим
макс,максим
маргарита,маргарита
марина,марина
мария,мария
маша,мария
мирослава,мирослава
мирослав,мирослав
михаил,михаил
миша,михаил
надежда,надежда
наталья,наталья
наталия,наталия
никита,никита
николай,николай
коля,николай
оксана,оксана
олег,олег
злата,злата
элиза,элиза
анжелина,анжелина
элина,элина
петр,петр
ольга,ольга
павел,павел
полина,полина
роман,роман
светлана,светлана
софия,софия
тамара,тамара
ринат,ринат
татьяна,татьяна
витя,виталий
тимофей,тимофей
юра,юрий
тимур,тимур
ульяна,ульяна
евдокия,евдокия
ян,ян
эльдар,эльдар
юлия,юлия
юрий,юрий
кирил,кирилл
ярослав,ярослав
римма,римма
марианна,марианна
инна,инна
лилия,лилия
алевтина,алевтина
диана,диана
артем,артем
людмила,людмила
вера,вера
руслан,руслан
софья,софья
анастасия,анастасия
эдуард,эдуард
кристина,кристина
гузель,гузель
эльмира,эльмира
илья,илья
алина,алина
виталий,виталий
егор,егор
милана,милана
svetlana,светлана
абдула,абдула
рустам,рустам
григорий,григорий
зульфия,зульфия
катерина,катерина
федор,федор
фёдор,фёдор
анжелика,анжелика
марат,марат
сара,сара
олеся,олеся
яна,яна
aleksandr,александр
aleksandra,александра
aleksey,алексей
alena,алёна
alisa,алиса
alesya,алеся
elizaveta,елизавета
anatoliy,анатолий
angelina,ангелина
андрей,андрей
andrey,андрей
anna,анна
alla,алла
anton,антон
anzhela,анжела
arina,арина
artemiy,артемий
artem,артём
vladlen,владлен
vladlena,владлена
skrudzh,скрудж
marta,марта
ilnara,ильнара
elizabetta,элизабетта
antonina,антонина
ruslana,руслана
nina,нина
eva,ева
greta,грета
mayya,майя
lev,лев
zemfira,земфира
ibragim,ибрагим
gleb,глеб
bogdan,богдан
gulnara,гульнара
suleyman,сулейман
margo,марго
rostislav,ростислав
arseniy,арсений
nail,наиль
ilnar,ильнар
yakov,яков
zhanetta,жанетта
elvis,элвис
albert,альберт
violetta,виолетта
venera,венера
ildar,ильдар
dinara,динара
tikhon,тихон
albina,альбина
ella,элла
renat,ренат
varvara,варвара
varya,варя
gulnaz,гульназ
syuzanna,сюзанна
petr,пётр
filipp,филипп
dzhuletta,джульетта
romeo,ромео
madina,мадина
zoya,зоя
arkadiy,аркадий
stepan,степан
zakhar,захар
milena,милена
nelli,нелли
elisey,елисей
ramil,рамиль
tigran,тигран
elza,эльза
magomed,магомед
kira,кира
klara,клара
liana,лиана
arnold,арнольд
vlad,влад
semen,семён
zaur,заур
boris,борис
valentin,валентин
valentina,валентина
valeriy,валерий
valeriya,валерия
vasiliy,василий
vasilisa,василиса
veronika,вероника
viktor,виктор
viktoriya,виктория
vladimir,владимир
vadim,вадим
zinaida,зинаида
elvira,эльвира
vladislav,владислав
vladislava,владислава
vyacheslav,вячеслав
galina,галина
gennadiy,геннадий
georgiy,георгий
stanislav,станислав
karina,карина
daniil,даниил
darya,дарья
denis,денис
dmitriy,дмитрий
evgeniy,евгений
evgeniya,евгения
ekaterina,екатерина
elena,елена
rita,рита
ivan,иван
zhanna,жанна
igor,игорь
david,давид
artur,артур
raisa,раиса
iosif,иосиф
rustem,рустем
irina,ирина
kirill,кирилл
konstantin,константин
kseniya,ксения
larisa,лариса
leonid,леонид
aydar,айдар
snezhana,снежана
lidiya,лидия
lyubov,любовь
maksim,максим
margarita,маргарита
marina,марина
mariya,мария
miroslava,мирослава
miroslav,мирослав
mikhail,михаил
nadezhda,надежда
natalya,наталья
nataliya,наталия
nikita,никита
nikolay,николай
oksana,оксана
oleg,олег
zlata,злата
eliza,элиза
anzhelina,анжелина
elina,элина
olga,ольга
pavel,павел
polina,полина
roman,роман
sergey,сергей
sofiya,софия
tamara,тамара
rinat,ринат
tatyana,татьяна
timofey,тимофей
timur,тимур
ulyana,ульяна
yan,ян
eldar,эльдар
yuliya,юлия
yuriy,юрий
yaroslav,ярослав
rimma,римма
marianna,марианна
inna,инна
liliya,лилия
alevtina,алевтина
diana,диана
lyudmila,людмила
vera,вера
ruslan,руслан
sofya,софья
anastasiya,анастасия
eduard,эдуард
kristina,кристина
данила,даниил
guzel,гузель
elmira,эльмира
ilya,илья
alina,алина
vitaliy,виталий
egor,егор
milana,милана
abdula,абдула
rustam,рустам
grigoriy,григорий
данил,даниил
zulfiya,зульфия
katerina,катерина
fedor,федор
геля,ангелина
fedor,фёдор
anzhelika,анжелика
marat,марат
sara,сара
olesya,олеся
yana,яна
таисия,таисия
natalia,наталия
натали,натали
natali,натали
nataly,натали
аня,анна
роберт,роберт
robert,роберт
герман,герман
german,герман
anatoly,анатолий
anastasia,анастасия
julia,юлия
серафим,серафим
serafim,серафим
serafym,серафим
соня,софия
sonya,софия
sofija,софия
клавдия,клавдия
альфия,альфия
alfiya,альфия
evgeni,евгений
роза,роза
roza,роза
sergei,сергей
рафаэль,рафаэль
rafael,рафаэль
джордж,джордж
джорджия,джорджия
valeri,валерий
alexandr,александр
люда,людмила
пелагея,пелагея
pelageya,пелагея
dmitry,дмитрий
регина,регина
regina,регина
катя,екатерина
katya,екатерина
жасмина,жасмина
марк,марк
mark,марк
marc,марк
alexey,алексей
aleksei,алексей
ильмир,ильмир
ilmir,ильмир
ylmir,ильмир
ilmyr,ильмир
юля,юлия
juliya,юлия
yury,юрий
вова,владимир
vladymir,владимир
vladimyr,владимир
vladymyr,владимир
андриан,андриан
andrian,андриан
andryan,андриан
даша,дарья
dasha,дарья
daria,дарья
darja,дарья
витлий,виталий
рома,роман
рузанна,рузанна
ruzanna,рузанна
мальвина,мальвина
malvina,мальвина
malvyna,мальвина
айрат,айрат
ayrat,айрат
airat,айрат
леонард,леонард
leonard,леонард
lyeonard,леонард
гузалия,гузалия
guzaliya,гузалия
guzalyia,гузалия
остап,остап
ostap,остап
станислава,станислава
stanislava,станислава
stanyslava,станислава
джамиля,джамиля
dzhamilya,джамиля
dzhamylia,джамиля
dzhamilia,джамиля
dzhamylya,джамиля
альфина,альфина
alfina,альфина
alfyna,альфина
юлиана,юлиана
yuliana,юлиана
yulyana,юлиана
juliana,юлиана
julyana,юлиана
ильмира,ильмира
ilmira,ильмира
ilmyra,ильмира
ylmira,ильмира
ylmyra,ильмира
белла,белла
bella,белла
бэлла,бэлла
ksenia,ксения
cseniya,ксения
kseniia,ксения
ksenyia,ксения
vitaly,виталий
vytaliy,виталий
yurii,юрий
роксана,роксана
roksana,роксана
rocsana,роксана
игррь,игорь
ighor,игорь
yulia,юлия
виталия,виталия
vitaliya,виталия
vytaliya,виталия
susanna,сусанна
алекксандр,александр
булат,булат
bulat,булат
аниса,аниса
anisa,аниса
anysa,аниса
валера,валерий
valera,валерий
анфиса,анфиса
anfisa,анфиса
anfysa,анфиса
ростислава,ростислава
rostislava,ростислава
rostyslava,ростислава
августин,августин
avgustin,августин
эльнара,эльнара
elnara,эльнара
эмилия,эмилия
emiliya,эмилия
emyliya,эмилия
emiliia,эмилия
emilyia,эмилия
лера,валерия
lera,валерия
lyera,валерия
yuri,юрий
yuryy,юрий
iuriy,юрий
iurii,юрий
yuryi,юрий
эльнар,эльнар
elnar,эльнар
макар,макар
makar,макар
macar,макар
танзиля,танзиля
tanzilya,танзиля
tanzilia,танзиля
tanzylia,танзиля
гульгена,гульгена
gulgena,гульгена
andriy,андрей
andrei,андрей
andryei,андрей
andryey,андрей
наташа,наталья
виталик,виталий
vitalii,виталий
vytalyi,виталий
vitalyi,виталий
dmitri,дмитрий
родион,родион
rodion,родион
rodyon,родион
аделина,аделина
adelina,аделина
adelyna,аделина
владимер,владимир
valeria,валерия
anastasiia,анастасия
юлианна,юлианна
yulianna,юлианна
yulyanna,юлианна
лора,лора
lora,лора
рузалия,рузалия
ruzaliya,рузалия
ruzalyia,рузалия
ruzaliia,рузалия
арсен,арсений
arsen,арсений
серафима,серафима
serafima,серафима
serafyma,серафима
рафаил,рафаил
rafail,рафаил
rafayl,рафаил
танюшка,татьяна
tatjana,татьяна
танюша,татьяна
evgenii,евгений
evgenyy,евгений
evghenii,евгений
evgyenii,евгений
evgenyi,евгений
yevgeniy,евгений
evgheniy,евгений
димитрий,димитрий
dimitriy,димитрий
dymitriy,димитрий
dimytriy,димитрий
dymytriy,димитрий
dimitrii,димитрий
dymitrii,димитрий
dimytrii,димитрий
dimitryi,димитрий
ильнур,ильнур
ilnur,ильнур
ylnur,ильнур
камилла,камилла
kamilla,камилла
camilla,камилла
kamylla,камилла
camylla,камилла
луиза,луиза
luiza,луиза
люция,люция
lyuciya,люция
liuciya,люция
liuciia,люция
lyutsyia,люция
lyucyia,люция
джулетта,джульетта
dzhulyetta,джульетта
алия,алия
aliya,алия
alyia,алия
влада,владислава
vladyslava,владислава
vlada,владислава
савелий,савелий
saveliy,савелий
savelii,савелий
savelyi,савелий
cristine,кристина
cristina,кристина
krystina,кристина
crystina,кристина
kristyna,кристина
cristyna,кристина
krystyna,кристина
crystyna,кристина
люба,любовь
дврья,дарья
дария,дария
dariya,дарья
daryia,дарья
колян,николай
nikolai,николай
nykolai,николай
nicolai,николай
nycolai,николай
kolyan,николай
ilia,илья
марьяна,марьяна
maryana,марьяна
mariana,марьяна
marjana,марьяна
стас,станислав
stanyslav,станислав
stas,станислав
валентиа,валентина
valyentina,валентина
valentyna,валентина
valyentyna,валентина
леонора,леонора
leonora,леонора
lyeonora,леонора
лерочка,валерия
lerochka,валерия
lyerochka,валерия
lerochca,валерия
lyerochca,валерия
valyeriya,валерия
valeryya,валерия
valeriia,валерия
valyeriia,валерия
valyeryya,валерия
valeryia,валерия
valyeryia,валерия
valerija,валерия
valyerija,валерия
valeryja,валерия
valyeryja,валерия
eugenia,евгения
yevgeniya,евгения
evgheniya,евгения
yevgheniya,евгения
evgyeniya,евгения
yevgyeniya,евгения
evghyeniya,евгения
yevghyeniya,евгения
evgenyya,евгения
yevgenyya,евгения
evghenyya,евгения
yevghenyya,евгения
evgyenyya,евгения
yevgyenyya,евгения
evghyenyya,евгения
yevghyenyya,евгения
evgeniia,евгения
yevgeniia,евгения
evgheniia,евгения
yevgheniia,евгения
evgyeniia,евгения
yevgyeniia,евгения
evghyeniia,евгения
yevghyeniia,евгения
evgenyia,евгения
yevgenyia,евгения
evghenyia,евгения
yevghenyia,евгения
evgyenyia,евгения
yevgyenyia,евгения
evghyenyia,евгения
yevghyenyia,евгения
evgenija,евгения
yevgenija,евгения
evghenija,евгения
yevghenija,евгения
evgyenija,евгения
yevgyenija,евгения
evghyenija,евгения
yevghyenija,евгения
evgenyja,евгения
yevgenyja,евгения
evghenyja,евгения
yevghenyja,евгения
evgyenyja,евгения
yevgyenyja,евгения
evghyenyja,евгения
yevghyenyja,евгения
liubov,любовь
ljubov,любовь
камила,камила
kamila,камила
camila,камила
kamyla,камила
camyla,камила
rozaliya,розалия
rozalyya,розалия
rozaliia,розалия
rozalyia,розалия
rozalija,розалия
rozalyja,розалия
розалия,розалия
евген,евгений
evgen,евгений
ярослава,ярослава
yaroslava,ярослава
iaroslava,ярослава
jaroslava,ярослава
армен,армен
armen,армен
armyen,армен
evgeny,евгений
альфред,альфред
alfred,альфред
alfryed,альфред
юриц,юрий
теодор,теодор
teodor,теодор
tyeodor,теодор
анжелла,анжелла
anzhella,анжелла
anzhyella,анжелла
alexsandra,александра
alyeksandra,александра
alecsandra,александра
alyecsandra,александра
ахмед,ахмед
akhmed,ахмед
ahmed,ахмед
akhmyed,ахмед
ahmyed,ахмед
демид,демид
demid,демид
dyemid,демид
demyd,демид
dyemyd,демид
азамат,азамат
azamat,азамат
arthur,артур
святослав,святослав
svyatoslav,святослав
sviatoslav,святослав
svjatoslav,святослав
lada,владислава
климентий,климентий
klimentiy,климентий
climentiy,климентий
klymentiy,климентий
clymentiy,климентий
klimyentiy,климентий
climyentiy,климентий
klymyentiy,климентий
clymyentiy,климентий
klimentyy,климентий
climentyy,климентий
klymentyy,климентий
clymentyy,климентий
klimyentyy,климентий
climyentyy,климентий
klymyentyy,климентий
clymyentyy,климентий
klimentii,климентий
climentii,климентий
klymentii,климентий
clymentii,климентий
klimyentii,климентий
climyentii,климентий
klymyentii,климентий
clymyentii,климентий
klimentyi,климентий
climentyi,климентий
klymentyi,климентий
clymentyi,климентий
klimyentyi,климентий
climyentyi,климентий
klymyentyi,климентий
clymyentyi,климентий
лада,владислава
olesia,олеся
olyesya,олеся
olyesia,олеся
olesja,олеся
olyesja,олеся
изабелла,изабелла
izabella,изабелла
izabyella,изабелла
lubov,любовь
моника,моника
monika,моника
monyka,моника
monica,моника
monyca,моника
дженни,дженни
dzhenni,дженни
dzhyenni,дженни
dzhenny,дженни
dzhyenny,дженни
рудольф,рудольф
rudolf,рудольф
алекей,алексей
alyeksey,алексей
alecsey,алексей
alyecsey,алексей
aleksyey,алексей
alyeksyey,алексей
alecsyey,алексей
alyecsyey,алексей
alyeksei,алексей
alecsei,алексей
alyecsei,алексей
aleksyei,алексей
alyeksyei,алексей
alecsyei,алексей
alyecsyei,алексей
эвелина,эвелина
evelina,эвелина
evyelina,эвелина
evelyna,эвелина
evyelyna,эвелина
маруся,мария
maryya,мария
mariia,мария
maryia,мария
marija,мария
maryja,мария
aнна,анна
квициния,квициния
maxim,максим
macsim,максим
maksym,максим
macsym,максим
alyna,алина
aндрей,андрей
элли,элли
elli,элли
elly,элли
наиля,наиля
nailya,наиля
naylya,наиля
nailja,наиля
naylja,наиля
дина,дина
dina,дина
dyna,дина
раиля,раиля
railya,раиля
raylya,раиля
railja,раиля
raylja,раиля
камиль,камиль
kamil,камиль
camil,камиль
kamyl,камиль
camyl,камиль
lena,елена
yelena,елена
elyena,елена
yelyena,елена
володя,владимир
нелля,нелля
nellya,нелля
nyellya,нелля
victor,виктор
vyktor,виктор
vyctor,виктор
nastya,анастасия
anastasyya,анастасия
anastasyia,анастасия
anastasija,анастасия
anastasyja,анастасия
georgy,георгий
gheorgiy,георгий
gyeorgiy,георгий
ghyeorgiy,георгий
georghiy,георгий
gheorghiy,георгий
gyeorghiy,георгий
ghyeorghiy,георгий
georgii,георгий
gheorgii,георгий
gyeorgii,георгий
ghyeorgii,георгий
georghii,георгий
gheorghii,георгий
gyeorghii,георгий
ghyeorghii,георгий
georgyi,георгий
gheorgyi,георгий
gyeorgyi,георгий
ghyeorgyi,георгий
georghyi,георгий
gheorghyi,георгий
gyeorghyi,георгий
ghyeorghyi,георгий
мадонна,мадонна
madonna,мадонна
алёша,алёша
alyosha,алёша
alesha,алёша
алеша,алеша
alyesha,алеша
инесса,инесса
inessa,инесса
ynessa,инесса
inyessa,инесса
ynyessa,инесса
сусанна,сусанна
надя,надежда
nadyezhda,надежда
john,джон
dzhon,джон
victoria,виктория
петя,петр
pyetr,петр
сергеи,сергей
syergey,сергей
serghey,сергей
syerghey,сергей
sergyey,сергей
syergyey,сергей
syerghyey,сергей
syergei,сергей
serghyey,сергей
serghei,сергей
syerghei,сергей
sergyei,сергей
syergyei,сергей
serghyei,сергей
syerghyei,сергей
viktoriia,виктория
vasily,василий
vasyliy,василий
vasilyy,василий
vasylyy,василий
vasilii,василий
vasylii,василий
vasilyi,василий
vasylyi,василий
maks,максим
линда,линда
linda,линда
lynda,линда
пол,пол
paul,пол
sveta,светлана
svyetlana,светлана
аля,алевтина
alyevtina,алевтина
alevtyna,алевтина
alyevtyna,алевтина
снежанна,снежанна
snezhanna,снежанна
snyezhanna,снежанна
адрей,андрей
слава,вячеслав
viacheslav,вячеслав
vjacheslav,вячеслав
vyachyeslav,вячеслав
viachyeslav,вячеслав
vjachyeslav,вячеслав
эльвина,эльвина
elvina,эльвина
elvyna,эльвина
албина,альбина
albyna,альбина
эдвин,эдвин
edvin,эдвин
edvyn,эдвин
лаура,лаура
laura,лаура
татьна,татьяна
ваоентина,валентина
лео,леонард
dima,дмитрий
dmytriy,дмитрий
dmitryy,дмитрий
dmitrii,дмитрий
dmitryi,дмитрий
dmytryi,дмитрий
dmytrii,дмитрий
dmytryy,дмитрий
maia,майя
maiya,майя
mayia,майя
maiia,майя
mayja,майя
maija,майя
мурат,мурат
murat,мурат
дилара,дилара
dilara,дилара
dylara,дилара
рушания,рушания
rushaniya,рушания
rushaniia,рушания
rushanyia,рушания
rushanija,рушания
rushanyja,рушания
багира,багира
bagira,багира
bagyra,багира
сегей,сергей
михаилъ,михаил
mihail,михаил
mykhail,михаил
myhail,михаил
mikhayl,михаил
mykhayl,михаил
mihayl,михаил
myhayl,михаил
adam,адам
алексанр,александр
alyeksandr,александр
alecsandr,александр
alyecsandr,александр
нэлли,нэлли
nelly,нэлли
афанасий,афанасий
afanasiy,афанасий
afanasyy,афанасий
afanasii,афанасий
afanasyi,афанасий
элизабет,элизабет
elizabet,элизабет
elyzabet,элизабет
elizabyet,элизабет
elyzabyet,элизабет
микаил,михаил
неля,неля
nelya,неля
nyelya,неля
nelia,неля
nyelia,неля
антоха,антон
зинфира,зинфира
zinfira,зинфира
zynfira,зинфира
zinfyra,зинфира
zynfyra,зинфира
tatsiana,татьяна
даниэль,даниэль
daniel,даниэль
danyel,даниэль
nadejda,надежда
лиля,лиля
lilya,лиля
lylja,лиля
lilja,лиля
lylya,лиля
таисися,таисися
антонида,антонида
antonida,антонида
antonyda,антонида
i̇brahim,ибрагим
ybragim,ибрагим
ibraghim,ибрагим
ibragym,ибрагим
ybraghim,ибрагим
ybragym,ибрагим
ibraghym,ибрагим
ybraghym,ибрагим
иннокентий,иннокентий
динис,денис
dyenis,денис
denys,денис
dyenys,денис
карим,карим
aleksander,александр
яночка,яна
эмили,эмили
emili,эмили
emyli,эмили
emily,эмили
emyly,эмили
mарина,марина
maryna,марина
ларисса,лариса
larysa,лариса
larissa,лариса
laryssa,лариса
victoriya,виктория
vyktoriya,виктория
vyctoriya,виктория
viktoryya,виктория
vyktoryya,виктория
victoryya,виктория
vyctoryya,виктория
vyktoriia,виктория
victoriia,виктория
vyctoriia,виктория
viktoryia,виктория
vyktoryia,виктория
victoryia,виктория
vyctoryia,виктория
viktorija,виктория
vyktorija,виктория
victorija,виктория
vyctorija,виктория
viktoryja,виктория
vyktoryja,виктория
victoryja,виктория
vyctoryja,виктория